Date,Adj Close,Ticker
8/14/2013,1685.390015,S&P
8/15/2013,1661.319946,S&P
8/16/2013,1655.829956,S&P
8/19/2013,1646.060059,S&P
8/20/2013,1652.349976,S&P
8/21/2013,1642.800049,S&P
8/22/2013,1656.959961,S&P
8/23/2013,1663.5,S&P
8/26/2013,1656.780029,S&P
8/27/2013,1630.47998,S&P
8/28/2013,1634.959961,S&P
8/29/2013,1638.170044,S&P
8/30/2013,1632.969971,S&P
9/3/2013,1639.77002,S&P
9/4/2013,1653.079956,S&P
9/5/2013,1655.079956,S&P
9/6/2013,1655.170044,S&P
9/9/2013,1671.709961,S&P
9/10/2013,1683.98999,S&P
9/11/2013,1689.130005,S&P
9/12/2013,1683.420044,S&P
9/13/2013,1687.98999,S&P
9/16/2013,1697.599976,S&P
9/17/2013,1704.76001,S&P
9/18/2013,1725.52002,S&P
9/19/2013,1722.339966,S&P
9/20/2013,1709.910034,S&P
9/23/2013,1701.839966,S&P
9/24/2013,1697.420044,S&P
9/25/2013,1692.77002,S&P
9/26/2013,1698.670044,S&P
9/27/2013,1691.75,S&P
9/30/2013,1681.550049,S&P
10/1/2013,1695,S&P
10/2/2013,1693.869995,S&P
10/3/2013,1678.660034,S&P
10/4/2013,1690.5,S&P
10/7/2013,1676.119995,S&P
10/8/2013,1655.449951,S&P
10/9/2013,1656.400024,S&P
10/10/2013,1692.560059,S&P
10/11/2013,1703.199951,S&P
10/14/2013,1710.140015,S&P
10/15/2013,1698.060059,S&P
10/16/2013,1721.540039,S&P
10/17/2013,1733.150024,S&P
10/18/2013,1744.5,S&P
10/21/2013,1744.660034,S&P
10/22/2013,1754.670044,S&P
10/23/2013,1746.380005,S&P
10/24/2013,1752.069946,S&P
10/25/2013,1759.77002,S&P
10/28/2013,1762.109985,S&P
10/29/2013,1771.949951,S&P
10/30/2013,1763.310059,S&P
10/31/2013,1756.540039,S&P
11/1/2013,1761.640015,S&P
11/4/2013,1767.930054,S&P
11/5/2013,1762.969971,S&P
11/6/2013,1770.48999,S&P
11/7/2013,1747.150024,S&P
11/8/2013,1770.609985,S&P
11/11/2013,1771.890015,S&P
11/12/2013,1767.689941,S&P
11/13/2013,1782,S&P
11/14/2013,1790.619995,S&P
11/15/2013,1798.180054,S&P
11/18/2013,1791.530029,S&P
11/19/2013,1787.869995,S&P
11/20/2013,1781.369995,S&P
11/21/2013,1795.849976,S&P
11/22/2013,1804.76001,S&P
11/25/2013,1802.47998,S&P
11/26/2013,1802.75,S&P
11/27/2013,1807.22998,S&P
11/29/2013,1805.810059,S&P
12/2/2013,1800.900024,S&P
12/3/2013,1795.150024,S&P
12/4/2013,1792.810059,S&P
12/5/2013,1785.030029,S&P
12/6/2013,1805.089966,S&P
12/9/2013,1808.369995,S&P
12/10/2013,1802.619995,S&P
12/11/2013,1782.219971,S&P
12/12/2013,1775.5,S&P
12/13/2013,1775.319946,S&P
12/16/2013,1786.540039,S&P
12/17/2013,1781,S&P
12/18/2013,1810.650024,S&P
12/19/2013,1809.599976,S&P
12/20/2013,1818.319946,S&P
12/23/2013,1827.98999,S&P
12/24/2013,1833.319946,S&P
12/26/2013,1842.02002,S&P
12/27/2013,1841.400024,S&P
12/30/2013,1841.069946,S&P
12/31/2013,1848.359985,S&P
1/2/2014,1831.97998,S&P
1/3/2014,1831.369995,S&P
1/6/2014,1826.77002,S&P
1/7/2014,1837.880005,S&P
1/8/2014,1837.48999,S&P
1/9/2014,1838.130005,S&P
1/10/2014,1842.369995,S&P
1/13/2014,1819.199951,S&P
1/14/2014,1838.880005,S&P
1/15/2014,1848.380005,S&P
1/16/2014,1845.890015,S&P
1/17/2014,1838.699951,S&P
1/21/2014,1843.800049,S&P
1/22/2014,1844.859985,S&P
1/23/2014,1828.459961,S&P
1/24/2014,1790.290039,S&P
1/27/2014,1781.560059,S&P
1/28/2014,1792.5,S&P
1/29/2014,1774.199951,S&P
1/30/2014,1794.189941,S&P
1/31/2014,1782.589966,S&P
2/3/2014,1741.890015,S&P
2/4/2014,1755.199951,S&P
2/5/2014,1751.640015,S&P
2/6/2014,1773.430054,S&P
2/7/2014,1797.02002,S&P
2/10/2014,1799.839966,S&P
2/11/2014,1819.75,S&P
2/12/2014,1819.26001,S&P
2/13/2014,1829.829956,S&P
2/14/2014,1838.630005,S&P
2/18/2014,1840.76001,S&P
2/19/2014,1828.75,S&P
2/20/2014,1839.780029,S&P
2/21/2014,1836.25,S&P
2/24/2014,1847.609985,S&P
2/25/2014,1845.119995,S&P
2/26/2014,1845.160034,S&P
2/27/2014,1854.290039,S&P
2/28/2014,1859.449951,S&P
3/3/2014,1845.72998,S&P
3/4/2014,1873.910034,S&P
3/5/2014,1873.810059,S&P
3/6/2014,1877.030029,S&P
3/7/2014,1878.040039,S&P
3/10/2014,1877.170044,S&P
3/11/2014,1867.630005,S&P
3/12/2014,1868.199951,S&P
3/13/2014,1846.339966,S&P
3/14/2014,1841.130005,S&P
3/17/2014,1858.829956,S&P
3/18/2014,1872.25,S&P
3/19/2014,1860.77002,S&P
3/20/2014,1872.01001,S&P
3/21/2014,1866.52002,S&P
3/24/2014,1857.439941,S&P
3/25/2014,1865.619995,S&P
3/26/2014,1852.560059,S&P
3/27/2014,1849.040039,S&P
3/28/2014,1857.619995,S&P
3/31/2014,1872.339966,S&P
4/1/2014,1885.52002,S&P
4/2/2014,1890.900024,S&P
4/3/2014,1888.77002,S&P
4/4/2014,1865.089966,S&P
4/7/2014,1845.040039,S&P
4/8/2014,1851.959961,S&P
4/9/2014,1872.180054,S&P
4/10/2014,1833.079956,S&P
4/11/2014,1815.689941,S&P
4/14/2014,1830.609985,S&P
4/15/2014,1842.97998,S&P
4/16/2014,1862.310059,S&P
4/17/2014,1864.849976,S&P
4/21/2014,1871.890015,S&P
4/22/2014,1879.550049,S&P
4/23/2014,1875.390015,S&P
4/24/2014,1878.609985,S&P
4/25/2014,1863.400024,S&P
4/28/2014,1869.430054,S&P
4/29/2014,1878.329956,S&P
4/30/2014,1883.949951,S&P
5/1/2014,1883.680054,S&P
5/2/2014,1881.140015,S&P
5/5/2014,1884.660034,S&P
5/6/2014,1867.719971,S&P
5/7/2014,1878.209961,S&P
5/8/2014,1875.630005,S&P
5/9/2014,1878.47998,S&P
5/12/2014,1896.650024,S&P
5/13/2014,1897.449951,S&P
5/14/2014,1888.530029,S&P
5/15/2014,1870.849976,S&P
5/16/2014,1877.859985,S&P
5/19/2014,1885.079956,S&P
5/20/2014,1872.829956,S&P
5/21/2014,1888.030029,S&P
5/22/2014,1892.48999,S&P
5/23/2014,1900.530029,S&P
5/27/2014,1911.910034,S&P
5/28/2014,1909.780029,S&P
5/29/2014,1920.030029,S&P
5/30/2014,1923.569946,S&P
6/2/2014,1924.969971,S&P
6/3/2014,1924.23999,S&P
6/4/2014,1927.880005,S&P
6/5/2014,1940.459961,S&P
6/6/2014,1949.439941,S&P
6/9/2014,1951.27002,S&P
6/10/2014,1950.790039,S&P
6/11/2014,1943.890015,S&P
6/12/2014,1930.109985,S&P
6/13/2014,1936.160034,S&P
6/16/2014,1937.780029,S&P
6/17/2014,1941.98999,S&P
6/18/2014,1956.97998,S&P
6/19/2014,1959.47998,S&P
6/20/2014,1962.869995,S&P
6/23/2014,1962.609985,S&P
6/24/2014,1949.97998,S&P
6/25/2014,1959.530029,S&P
6/26/2014,1957.219971,S&P
6/27/2014,1960.959961,S&P
6/30/2014,1960.22998,S&P
7/1/2014,1973.319946,S&P
7/2/2014,1974.619995,S&P
7/3/2014,1985.439941,S&P
7/7/2014,1977.650024,S&P
7/8/2014,1963.709961,S&P
7/9/2014,1972.829956,S&P
7/10/2014,1964.680054,S&P
7/11/2014,1967.569946,S&P
7/14/2014,1977.099976,S&P
7/15/2014,1973.280029,S&P
7/16/2014,1981.569946,S&P
7/17/2014,1958.119995,S&P
7/18/2014,1978.219971,S&P
7/21/2014,1973.630005,S&P
7/22/2014,1983.530029,S&P
7/23/2014,1987.01001,S&P
7/24/2014,1987.97998,S&P
7/25/2014,1978.339966,S&P
7/28/2014,1978.910034,S&P
7/29/2014,1969.949951,S&P
7/30/2014,1970.069946,S&P
7/31/2014,1930.670044,S&P
8/1/2014,1925.150024,S&P
8/4/2014,1938.98999,S&P
8/5/2014,1920.209961,S&P
8/6/2014,1920.23999,S&P
8/7/2014,1909.569946,S&P
8/8/2014,1931.589966,S&P
8/11/2014,1936.920044,S&P
8/12/2014,1933.75,S&P
8/13/2014,1946.719971,S&P
8/14/2014,1955.180054,S&P
8/15/2014,1955.060059,S&P
8/18/2014,1971.73999,S&P
8/19/2014,1981.599976,S&P
8/20/2014,1986.51001,S&P
8/21/2014,1992.369995,S&P
8/22/2014,1988.400024,S&P
8/25/2014,1997.920044,S&P
8/26/2014,2000.02002,S&P
8/27/2014,2000.119995,S&P
8/28/2014,1996.73999,S&P
8/29/2014,2003.369995,S&P
9/2/2014,2002.280029,S&P
9/3/2014,2000.719971,S&P
9/4/2014,1997.650024,S&P
9/5/2014,2007.709961,S&P
9/8/2014,2001.540039,S&P
9/9/2014,1988.439941,S&P
9/10/2014,1995.689941,S&P
9/11/2014,1997.449951,S&P
9/12/2014,1985.540039,S&P
9/15/2014,1984.130005,S&P
9/16/2014,1998.97998,S&P
9/17/2014,2001.569946,S&P
9/18/2014,2011.359985,S&P
9/19/2014,2010.400024,S&P
9/22/2014,1994.290039,S&P
9/23/2014,1982.77002,S&P
9/24/2014,1998.300049,S&P
9/25/2014,1965.98999,S&P
9/26/2014,1982.849976,S&P
9/29/2014,1977.800049,S&P
9/30/2014,1972.290039,S&P
10/1/2014,1946.160034,S&P
10/2/2014,1946.170044,S&P
10/3/2014,1967.900024,S&P
10/6/2014,1964.819946,S&P
10/7/2014,1935.099976,S&P
10/8/2014,1968.890015,S&P
10/9/2014,1928.209961,S&P
10/10/2014,1906.130005,S&P
10/13/2014,1874.73999,S&P
10/14/2014,1877.699951,S&P
10/15/2014,1862.48999,S&P
10/16/2014,1862.76001,S&P
10/17/2014,1886.76001,S&P
10/20/2014,1904.01001,S&P
10/21/2014,1941.280029,S&P
10/22/2014,1927.109985,S&P
10/23/2014,1950.819946,S&P
10/24/2014,1964.579956,S&P
10/27/2014,1961.630005,S&P
10/28/2014,1985.050049,S&P
10/29/2014,1982.300049,S&P
10/30/2014,1994.650024,S&P
10/31/2014,2018.050049,S&P
11/3/2014,2017.810059,S&P
11/4/2014,2012.099976,S&P
11/5/2014,2023.569946,S&P
11/6/2014,2031.209961,S&P
11/7/2014,2031.920044,S&P
11/10/2014,2038.26001,S&P
11/11/2014,2039.680054,S&P
11/12/2014,2038.25,S&P
11/13/2014,2039.329956,S&P
11/14/2014,2039.819946,S&P
11/17/2014,2041.319946,S&P
11/18/2014,2051.800049,S&P
11/19/2014,2048.719971,S&P
11/20/2014,2052.75,S&P
11/21/2014,2063.5,S&P
11/24/2014,2069.409912,S&P
11/25/2014,2067.030029,S&P
11/26/2014,2072.830078,S&P
11/28/2014,2067.560059,S&P
12/1/2014,2053.439941,S&P
12/2/2014,2066.550049,S&P
12/3/2014,2074.330078,S&P
12/4/2014,2071.919922,S&P
12/5/2014,2075.370117,S&P
12/8/2014,2060.310059,S&P
12/9/2014,2059.820068,S&P
12/10/2014,2026.140015,S&P
12/11/2014,2035.329956,S&P
12/12/2014,2002.329956,S&P
12/15/2014,1989.630005,S&P
12/16/2014,1972.73999,S&P
12/17/2014,2012.890015,S&P
12/18/2014,2061.22998,S&P
12/19/2014,2070.649902,S&P
12/22/2014,2078.540039,S&P
12/23/2014,2082.169922,S&P
12/24/2014,2081.879883,S&P
12/26/2014,2088.77002,S&P
12/29/2014,2090.570068,S&P
12/30/2014,2080.350098,S&P
12/31/2014,2058.899902,S&P
1/2/2015,2058.199951,S&P
1/5/2015,2020.579956,S&P
1/6/2015,2002.609985,S&P
1/7/2015,2025.900024,S&P
1/8/2015,2062.139893,S&P
1/9/2015,2044.810059,S&P
1/12/2015,2028.26001,S&P
1/13/2015,2023.030029,S&P
1/14/2015,2011.27002,S&P
1/15/2015,1992.670044,S&P
1/16/2015,2019.420044,S&P
1/20/2015,2022.550049,S&P
1/21/2015,2032.119995,S&P
1/22/2015,2063.149902,S&P
1/23/2015,2051.820068,S&P
1/26/2015,2057.090088,S&P
1/27/2015,2029.550049,S&P
1/28/2015,2002.160034,S&P
1/29/2015,2021.25,S&P
1/30/2015,1994.98999,S&P
2/2/2015,2020.849976,S&P
2/3/2015,2050.030029,S&P
2/4/2015,2041.51001,S&P
2/5/2015,2062.52002,S&P
2/6/2015,2055.469971,S&P
2/9/2015,2046.73999,S&P
2/10/2015,2068.590088,S&P
2/11/2015,2068.530029,S&P
2/12/2015,2088.47998,S&P
2/13/2015,2096.98999,S&P
2/16/2015,2100.340088,S&P
2/18/2015,2099.679932,S&P
2/19/2015,2097.449951,S&P
2/20/2015,2110.300049,S&P
2/23/2015,2109.659912,S&P
2/24/2015,2115.47998,S&P
2/25/2015,2113.860107,S&P
2/26/2015,2110.73999,S&P
2/27/2015,2104.5,S&P
3/2/2015,2117.389893,S&P
3/3/2015,2107.780029,S&P
3/4/2015,2098.530029,S&P
3/5/2015,2101.040039,S&P
3/6/2015,2071.26001,S&P
3/9/2015,2079.429932,S&P
3/10/2015,2044.160034,S&P
3/11/2015,2040.23999,S&P
3/12/2015,2065.949951,S&P
3/13/2015,2053.399902,S&P
3/16/2015,2081.189941,S&P
3/17/2015,2074.280029,S&P
3/18/2015,2099.5,S&P
3/19/2015,2089.27002,S&P
3/20/2015,2108.100098,S&P
3/23/2015,2104.419922,S&P
3/24/2015,2091.5,S&P
3/25/2015,2061.050049,S&P
3/26/2015,2056.149902,S&P
3/27/2015,2061.02002,S&P
3/30/2015,2086.23999,S&P
3/31/2015,2067.889893,S&P
4/1/2015,2059.689941,S&P
4/2/2015,2066.959961,S&P
4/6/2015,2080.620117,S&P
4/7/2015,2076.330078,S&P
4/8/2015,2081.899902,S&P
4/9/2015,2091.179932,S&P
4/10/2015,2102.060059,S&P
4/13/2015,2092.429932,S&P
4/14/2015,2095.840088,S&P
4/15/2015,2106.629883,S&P
4/16/2015,2104.98999,S&P
4/17/2015,2081.179932,S&P
4/20/2015,2100.399902,S&P
4/21/2015,2097.290039,S&P
4/22/2015,2107.959961,S&P
4/23/2015,2112.929932,S&P
4/24/2015,2117.689941,S&P
4/27/2015,2108.919922,S&P
4/28/2015,2114.76001,S&P
4/29/2015,2106.850098,S&P
4/30/2015,2085.51001,S&P
5/1/2015,2108.290039,S&P
5/4/2015,2114.48999,S&P
5/5/2015,2089.459961,S&P
5/6/2015,2080.149902,S&P
5/7/2015,2088,S&P
5/8/2015,2116.100098,S&P
5/11/2015,2105.330078,S&P
5/12/2015,2099.120117,S&P
5/13/2015,2098.47998,S&P
5/14/2015,2121.100098,S&P
5/15/2015,2122.72998,S&P
5/18/2015,2129.199951,S&P
5/19/2015,2127.830078,S&P
5/20/2015,2125.850098,S&P
5/21/2015,2130.820068,S&P
5/22/2015,2126.060059,S&P
5/26/2015,2104.199951,S&P
5/27/2015,2123.47998,S&P
5/28/2015,2120.790039,S&P
5/29/2015,2107.389893,S&P
6/1/2015,2111.72998,S&P
6/2/2015,2109.600098,S&P
6/3/2015,2114.070068,S&P
6/4/2015,2095.840088,S&P
6/5/2015,2092.830078,S&P
6/8/2015,2079.280029,S&P
6/9/2015,2080.149902,S&P
6/10/2015,2105.199951,S&P
6/11/2015,2108.860107,S&P
6/12/2015,2094.110107,S&P
6/15/2015,2084.429932,S&P
6/16/2015,2096.290039,S&P
6/17/2015,2100.439941,S&P
6/18/2015,2121.23999,S&P
6/19/2015,2109.98999,S&P
6/22/2015,2122.850098,S&P
6/23/2015,2124.199951,S&P
6/24/2015,2108.580078,S&P
6/25/2015,2102.310059,S&P
6/26/2015,2101.48999,S&P
6/29/2015,2057.639893,S&P
6/30/2015,2063.110107,S&P
7/1/2015,2077.419922,S&P
7/2/2015,2076.780029,S&P
7/6/2015,2068.76001,S&P
7/7/2015,2081.340088,S&P
7/8/2015,2046.680054,S&P
7/9/2015,2051.310059,S&P
7/10/2015,2076.620117,S&P
7/13/2015,2099.600098,S&P
7/14/2015,2108.949951,S&P
7/15/2015,2107.399902,S&P
7/16/2015,2124.290039,S&P
7/17/2015,2126.639893,S&P
7/20/2015,2128.280029,S&P
7/21/2015,2119.209961,S&P
7/22/2015,2114.149902,S&P
7/23/2015,2102.149902,S&P
7/24/2015,2079.649902,S&P
7/27/2015,2067.639893,S&P
7/28/2015,2093.25,S&P
7/29/2015,2108.570068,S&P
7/30/2015,2108.629883,S&P
7/31/2015,2103.840088,S&P
8/3/2015,2098.040039,S&P
8/4/2015,2093.320068,S&P
8/5/2015,2099.840088,S&P
8/6/2015,2083.560059,S&P
8/7/2015,2077.570068,S&P
8/10/2015,2104.179932,S&P
8/11/2015,2084.070068,S&P
8/12/2015,2086.050049,S&P
8/13/2015,2083.389893,S&P
8/14/2015,2091.540039,S&P
8/17/2015,2102.439941,S&P
8/18/2015,2096.919922,S&P
8/19/2015,2079.610107,S&P
8/20/2015,2035.72998,S&P
8/21/2015,1970.890015,S&P
8/24/2015,1893.209961,S&P
8/25/2015,1867.609985,S&P
8/26/2015,1940.51001,S&P
8/27/2015,1987.660034,S&P
8/28/2015,1988.869995,S&P
8/31/2015,1972.180054,S&P
9/1/2015,1913.849976,S&P
9/2/2015,1948.859985,S&P
9/3/2015,1951.130005,S&P
9/4/2015,1921.219971,S&P
9/8/2015,1969.410034,S&P
9/9/2015,1942.040039,S&P
9/10/2015,1952.290039,S&P
9/11/2015,1961.050049,S&P
9/14/2015,1953.030029,S&P
9/15/2015,1978.089966,S&P
9/16/2015,1995.310059,S&P
9/17/2015,1990.199951,S&P
9/18/2015,1958.030029,S&P
9/21/2015,1966.969971,S&P
9/22/2015,1942.73999,S&P
9/23/2015,1938.76001,S&P
9/24/2015,1932.23999,S&P
9/25/2015,1931.339966,S&P
9/28/2015,1881.77002,S&P
9/29/2015,1884.089966,S&P
9/30/2015,1920.030029,S&P
10/1/2015,1923.819946,S&P
10/2/2015,1951.359985,S&P
10/5/2015,1987.050049,S&P
10/6/2015,1979.920044,S&P
10/7/2015,1995.829956,S&P
10/8/2015,2013.430054,S&P
10/9/2015,2014.890015,S&P
10/12/2015,2017.459961,S&P
10/13/2015,2003.689941,S&P
10/14/2015,1994.23999,S&P
10/15/2015,2023.859985,S&P
10/16/2015,2033.109985,S&P
10/19/2015,2033.660034,S&P
10/20/2015,2030.77002,S&P
10/21/2015,2018.939941,S&P
10/22/2015,2052.51001,S&P
10/23/2015,2075.149902,S&P
10/26/2015,2071.179932,S&P
10/27/2015,2065.889893,S&P
10/28/2015,2090.350098,S&P
10/29/2015,2089.409912,S&P
10/30/2015,2079.360107,S&P
11/2/2015,2104.050049,S&P
11/3/2015,2109.790039,S&P
11/4/2015,2102.310059,S&P
11/5/2015,2099.929932,S&P
11/6/2015,2099.199951,S&P
11/9/2015,2078.580078,S&P
11/10/2015,2081.719971,S&P
11/11/2015,2075,S&P
11/12/2015,2045.969971,S&P
11/13/2015,2023.040039,S&P
11/16/2015,2053.189941,S&P
11/17/2015,2050.439941,S&P
11/18/2015,2083.580078,S&P
11/19/2015,2081.23999,S&P
11/20/2015,2089.169922,S&P
11/23/2015,2086.590088,S&P
11/24/2015,2089.139893,S&P
11/25/2015,2088.870117,S&P
11/27/2015,2090.110107,S&P
11/30/2015,2080.409912,S&P
12/1/2015,2102.629883,S&P
12/2/2015,2079.51001,S&P
12/3/2015,2049.620117,S&P
12/4/2015,2091.689941,S&P
12/7/2015,2077.070068,S&P
12/8/2015,2063.590088,S&P
12/9/2015,2047.619995,S&P
12/10/2015,2052.22998,S&P
12/11/2015,2012.369995,S&P
12/14/2015,2021.939941,S&P
12/15/2015,2043.410034,S&P
12/16/2015,2073.070068,S&P
12/17/2015,2041.890015,S&P
12/18/2015,2005.550049,S&P
12/21/2015,2021.150024,S&P
12/22/2015,2038.969971,S&P
12/23/2015,2064.290039,S&P
12/24/2015,2060.98999,S&P
12/28/2015,2056.5,S&P
12/29/2015,2078.360107,S&P
12/30/2015,2063.360107,S&P
12/31/2015,2043.939941,S&P
1/4/2016,2012.660034,S&P
1/5/2016,2016.709961,S&P
1/6/2016,1990.26001,S&P
1/7/2016,1943.089966,S&P
1/8/2016,1922.030029,S&P
1/11/2016,1923.670044,S&P
1/12/2016,1938.680054,S&P
1/13/2016,1890.280029,S&P
1/14/2016,1921.839966,S&P
1/15/2016,1880.329956,S&P
1/19/2016,1881.329956,S&P
1/20/2016,1859.329956,S&P
1/21/2016,1868.98999,S&P
1/22/2016,1906.900024,S&P
1/25/2016,1877.079956,S&P
1/26/2016,1903.630005,S&P
1/27/2016,1882.949951,S&P
1/28/2016,1893.359985,S&P
1/29/2016,1940.23999,S&P
2/1/2016,1939.380005,S&P
2/2/2016,1903.030029,S&P
2/3/2016,1912.530029,S&P
2/4/2016,1915.449951,S&P
2/5/2016,1880.050049,S&P
2/8/2016,1853.439941,S&P
2/9/2016,1852.209961,S&P
2/10/2016,1851.859985,S&P
2/11/2016,1829.079956,S&P
2/12/2016,1864.780029,S&P
2/15/2016,1895.579956,S&P
2/17/2016,1926.819946,S&P
2/18/2016,1917.829956,S&P
2/19/2016,1917.780029,S&P
2/22/2016,1945.5,S&P
2/23/2016,1921.27002,S&P
2/24/2016,1929.800049,S&P
2/25/2016,1951.699951,S&P
2/26/2016,1948.050049,S&P
2/29/2016,1932.22998,S&P
3/1/2016,1978.349976,S&P
3/2/2016,1986.449951,S&P
3/3/2016,1993.400024,S&P
3/4/2016,1999.98999,S&P
3/7/2016,2001.76001,S&P
3/8/2016,1979.26001,S&P
3/9/2016,1989.26001,S&P
3/10/2016,1989.569946,S&P
3/11/2016,2022.189941,S&P
3/14/2016,2019.640015,S&P
3/15/2016,2015.930054,S&P
3/16/2016,2027.219971,S&P
3/17/2016,2040.589966,S&P
3/18/2016,2049.580078,S&P
3/21/2016,2051.600098,S&P
3/22/2016,2049.800049,S&P
3/23/2016,2036.709961,S&P
3/24/2016,2035.939941,S&P
3/28/2016,2037.050049,S&P
3/29/2016,2055.01001,S&P
3/30/2016,2063.949951,S&P
3/31/2016,2059.73999,S&P
4/1/2016,2072.780029,S&P
4/4/2016,2066.129883,S&P
4/5/2016,2045.170044,S&P
4/6/2016,2066.659912,S&P
4/7/2016,2041.910034,S&P
4/8/2016,2047.599976,S&P
4/11/2016,2041.98999,S&P
4/12/2016,2061.719971,S&P
4/13/2016,2082.419922,S&P
4/14/2016,2082.780029,S&P
4/15/2016,2080.72998,S&P
4/18/2016,2094.340088,S&P
4/19/2016,2100.800049,S&P
4/20/2016,2102.399902,S&P
4/21/2016,2091.47998,S&P
4/22/2016,2091.580078,S&P
4/25/2016,2087.790039,S&P
4/26/2016,2091.699951,S&P
4/27/2016,2095.149902,S&P
4/28/2016,2075.810059,S&P
4/29/2016,2065.300049,S&P
5/2/2016,2081.429932,S&P
5/3/2016,2063.370117,S&P
5/4/2016,2051.120117,S&P
5/5/2016,2050.629883,S&P
5/6/2016,2057.139893,S&P
5/9/2016,2058.689941,S&P
5/10/2016,2084.389893,S&P
5/11/2016,2064.459961,S&P
5/12/2016,2064.110107,S&P
5/13/2016,2046.609985,S&P
5/16/2016,2066.659912,S&P
5/17/2016,2047.209961,S&P
5/18/2016,2047.630005,S&P
5/19/2016,2040.040039,S&P
5/20/2016,2052.320068,S&P
5/23/2016,2048.040039,S&P
5/24/2016,2076.060059,S&P
5/25/2016,2090.540039,S&P
5/26/2016,2090.100098,S&P
5/27/2016,2099.060059,S&P
5/31/2016,2096.949951,S&P
6/1/2016,2099.330078,S&P
6/2/2016,2105.26001,S&P
6/3/2016,2099.129883,S&P
6/6/2016,2109.409912,S&P
6/7/2016,2112.129883,S&P
6/8/2016,2119.120117,S&P
6/9/2016,2115.47998,S&P
6/10/2016,2096.070068,S&P
6/13/2016,2079.060059,S&P
6/14/2016,2075.320068,S&P
6/15/2016,2071.5,S&P
6/16/2016,2077.98999,S&P
6/17/2016,2071.219971,S&P
6/20/2016,2083.25,S&P
6/21/2016,2088.899902,S&P
6/22/2016,2085.449951,S&P
6/23/2016,2113.320068,S&P
6/24/2016,2037.410034,S&P
6/27/2016,2000.540039,S&P
6/28/2016,2036.089966,S&P
6/29/2016,2070.77002,S&P
6/30/2016,2098.860107,S&P
7/1/2016,2102.949951,S&P
7/5/2016,2088.550049,S&P
7/6/2016,2099.72998,S&P
7/7/2016,2097.899902,S&P
7/8/2016,2129.899902,S&P
7/11/2016,2137.159912,S&P
7/12/2016,2152.139893,S&P
7/13/2016,2152.429932,S&P
7/14/2016,2163.75,S&P
7/15/2016,2161.73999,S&P
7/18/2016,2166.889893,S&P
7/19/2016,2163.780029,S&P
7/20/2016,2173.02002,S&P
7/21/2016,2165.169922,S&P
7/22/2016,2175.030029,S&P
7/25/2016,2168.47998,S&P
7/26/2016,2169.179932,S&P
7/27/2016,2166.580078,S&P
7/28/2016,2170.060059,S&P
7/29/2016,2173.600098,S&P
8/1/2016,2170.840088,S&P
8/2/2016,2157.030029,S&P
8/3/2016,2163.790039,S&P
8/4/2016,2164.25,S&P
8/5/2016,2182.870117,S&P
8/8/2016,2180.889893,S&P
8/9/2016,2181.73999,S&P
8/10/2016,2175.48999,S&P
8/11/2016,2185.790039,S&P
8/12/2016,2184.050049,S&P
8/15/2016,2190.149902,S&P
8/16/2016,2178.149902,S&P
8/17/2016,2182.219971,S&P
8/18/2016,2187.02002,S&P
8/19/2016,2183.870117,S&P
8/22/2016,2182.639893,S&P
8/23/2016,2186.899902,S&P
8/24/2016,2175.439941,S&P
8/25/2016,2172.469971,S&P
8/26/2016,2169.040039,S&P
8/29/2016,2180.379883,S&P
8/30/2016,2176.120117,S&P
8/31/2016,2170.949951,S&P
9/1/2016,2170.860107,S&P
9/2/2016,2179.97998,S&P
9/6/2016,2186.47998,S&P
9/7/2016,2186.159912,S&P
9/8/2016,2181.300049,S&P
9/9/2016,2127.810059,S&P
9/12/2016,2159.040039,S&P
9/13/2016,2127.02002,S&P
9/14/2016,2125.77002,S&P
9/15/2016,2147.26001,S&P
9/16/2016,2139.159912,S&P
9/19/2016,2139.120117,S&P
9/20/2016,2139.76001,S&P
9/21/2016,2163.120117,S&P
9/22/2016,2177.179932,S&P
9/23/2016,2164.689941,S&P
9/26/2016,2146.100098,S&P
9/27/2016,2159.929932,S&P
9/28/2016,2171.370117,S&P
9/29/2016,2151.129883,S&P
9/30/2016,2168.27002,S&P
10/3/2016,2161.199951,S&P
10/4/2016,2150.48999,S&P
10/5/2016,2159.72998,S&P
10/6/2016,2160.77002,S&P
10/7/2016,2153.73999,S&P
10/10/2016,2163.659912,S&P
10/11/2016,2136.72998,S&P
10/12/2016,2139.179932,S&P
10/13/2016,2132.550049,S&P
10/14/2016,2132.97998,S&P
10/17/2016,2126.5,S&P
10/18/2016,2139.600098,S&P
10/19/2016,2144.290039,S&P
10/20/2016,2141.340088,S&P
10/21/2016,2141.159912,S&P
10/24/2016,2151.330078,S&P
10/25/2016,2143.159912,S&P
10/26/2016,2139.429932,S&P
10/27/2016,2133.040039,S&P
10/28/2016,2126.409912,S&P
10/31/2016,2126.149902,S&P
11/1/2016,2111.719971,S&P
11/2/2016,2097.939941,S&P
11/3/2016,2088.659912,S&P
11/4/2016,2085.179932,S&P
11/7/2016,2131.52002,S&P
11/8/2016,2139.560059,S&P
11/9/2016,2163.26001,S&P
11/10/2016,2167.47998,S&P
11/11/2016,2164.449951,S&P
11/14/2016,2164.199951,S&P
11/15/2016,2180.389893,S&P
11/16/2016,2176.939941,S&P
11/17/2016,2187.120117,S&P
11/18/2016,2181.899902,S&P
11/21/2016,2198.179932,S&P
11/22/2016,2202.939941,S&P
11/23/2016,2204.719971,S&P
11/25/2016,2213.350098,S&P
11/28/2016,2201.719971,S&P
11/29/2016,2204.659912,S&P
11/30/2016,2198.810059,S&P
12/1/2016,2191.080078,S&P
12/2/2016,2191.949951,S&P
12/5/2016,2204.709961,S&P
12/6/2016,2212.22998,S&P
12/7/2016,2241.350098,S&P
12/8/2016,2246.189941,S&P
12/9/2016,2259.530029,S&P
12/12/2016,2256.959961,S&P
12/13/2016,2271.719971,S&P
12/14/2016,2253.280029,S&P
12/15/2016,2262.030029,S&P
12/16/2016,2258.070068,S&P
12/19/2016,2262.530029,S&P
12/20/2016,2270.76001,S&P
12/21/2016,2265.179932,S&P
12/22/2016,2260.959961,S&P
12/23/2016,2263.790039,S&P
12/27/2016,2268.879883,S&P
12/28/2016,2249.919922,S&P
12/29/2016,2249.26001,S&P
12/30/2016,2238.830078,S&P
1/3/2017,2257.830078,S&P
1/4/2017,2270.75,S&P
1/5/2017,2269,S&P
1/6/2017,2276.97998,S&P
1/9/2017,2268.899902,S&P
1/10/2017,2268.899902,S&P
1/11/2017,2275.320068,S&P
1/12/2017,2270.439941,S&P
1/13/2017,2274.639893,S&P
1/17/2017,2267.889893,S&P
1/18/2017,2271.889893,S&P
1/19/2017,2263.689941,S&P
1/20/2017,2271.310059,S&P
1/23/2017,2265.199951,S&P
1/24/2017,2280.070068,S&P
1/25/2017,2298.370117,S&P
1/26/2017,2296.679932,S&P
1/27/2017,2294.689941,S&P
1/30/2017,2280.899902,S&P
1/31/2017,2278.870117,S&P
2/1/2017,2279.550049,S&P
2/2/2017,2280.850098,S&P
2/3/2017,2297.419922,S&P
2/6/2017,2292.560059,S&P
2/7/2017,2293.080078,S&P
2/8/2017,2294.669922,S&P
2/9/2017,2307.870117,S&P
2/10/2017,2316.100098,S&P
2/13/2017,2328.25,S&P
2/14/2017,2337.580078,S&P
2/15/2017,2349.25,S&P
2/16/2017,2347.219971,S&P
2/17/2017,2351.159912,S&P
2/21/2017,2365.379883,S&P
2/22/2017,2362.820068,S&P
2/23/2017,2363.810059,S&P
2/24/2017,2367.340088,S&P
2/27/2017,2369.75,S&P
2/28/2017,2363.639893,S&P
3/1/2017,2395.959961,S&P
3/2/2017,2381.919922,S&P
3/3/2017,2383.120117,S&P
3/6/2017,2375.310059,S&P
3/7/2017,2368.389893,S&P
3/8/2017,2362.97998,S&P
3/9/2017,2364.870117,S&P
3/10/2017,2372.600098,S&P
3/13/2017,2373.469971,S&P
3/14/2017,2365.449951,S&P
3/15/2017,2385.26001,S&P
3/16/2017,2381.379883,S&P
3/17/2017,2378.25,S&P
3/20/2017,2373.469971,S&P
3/21/2017,2344.02002,S&P
3/22/2017,2348.449951,S&P
3/23/2017,2345.959961,S&P
3/24/2017,2343.97998,S&P
3/27/2017,2341.590088,S&P
3/28/2017,2358.570068,S&P
3/29/2017,2361.129883,S&P
3/30/2017,2368.060059,S&P
3/31/2017,2362.719971,S&P
4/3/2017,2358.840088,S&P
4/4/2017,2360.159912,S&P
4/5/2017,2352.949951,S&P
4/6/2017,2357.48999,S&P
4/7/2017,2355.540039,S&P
4/10/2017,2357.159912,S&P
4/11/2017,2353.780029,S&P
4/12/2017,2344.929932,S&P
4/13/2017,2328.949951,S&P
4/17/2017,2349.01001,S&P
4/18/2017,2342.189941,S&P
4/19/2017,2338.169922,S&P
4/20/2017,2355.840088,S&P
4/21/2017,2348.689941,S&P
4/24/2017,2374.149902,S&P
4/25/2017,2388.610107,S&P
4/26/2017,2387.449951,S&P
4/27/2017,2388.77002,S&P
4/28/2017,2384.199951,S&P
5/1/2017,2388.330078,S&P
5/2/2017,2391.169922,S&P
5/3/2017,2388.129883,S&P
5/4/2017,2389.52002,S&P
5/5/2017,2399.290039,S&P
5/8/2017,2399.379883,S&P
5/9/2017,2396.919922,S&P
5/10/2017,2399.629883,S&P
5/11/2017,2394.439941,S&P
5/12/2017,2390.899902,S&P
5/15/2017,2402.320068,S&P
5/16/2017,2400.669922,S&P
5/17/2017,2357.030029,S&P
5/18/2017,2365.719971,S&P
5/19/2017,2381.72998,S&P
5/22/2017,2394.02002,S&P
5/23/2017,2398.419922,S&P
5/24/2017,2404.389893,S&P
5/25/2017,2415.070068,S&P
5/26/2017,2415.820068,S&P
5/30/2017,2412.909912,S&P
5/31/2017,2411.800049,S&P
6/1/2017,2430.060059,S&P
6/2/2017,2439.070068,S&P
6/5/2017,2436.100098,S&P
6/6/2017,2429.330078,S&P
6/7/2017,2433.139893,S&P
6/8/2017,2433.790039,S&P
6/9/2017,2431.77002,S&P
6/12/2017,2429.389893,S&P
6/13/2017,2440.350098,S&P
6/14/2017,2437.919922,S&P
6/15/2017,2432.459961,S&P
6/16/2017,2433.149902,S&P
6/19/2017,2453.459961,S&P
6/20/2017,2437.030029,S&P
6/21/2017,2435.610107,S&P
6/22/2017,2434.5,S&P
6/23/2017,2438.300049,S&P
6/26/2017,2439.070068,S&P
6/27/2017,2419.379883,S&P
6/28/2017,2440.689941,S&P
6/29/2017,2419.699951,S&P
6/30/2017,2423.409912,S&P
7/3/2017,2429.01001,S&P
7/5/2017,2432.540039,S&P
7/6/2017,2409.75,S&P
7/7/2017,2425.179932,S&P
7/10/2017,2427.429932,S&P
7/11/2017,2425.530029,S&P
7/12/2017,2443.25,S&P
7/13/2017,2447.830078,S&P
7/14/2017,2459.27002,S&P
7/17/2017,2459.139893,S&P
7/18/2017,2460.610107,S&P
7/19/2017,2473.830078,S&P
7/20/2017,2473.449951,S&P
7/21/2017,2472.540039,S&P
7/24/2017,2469.909912,S&P
7/25/2017,2477.129883,S&P
7/26/2017,2477.830078,S&P
7/27/2017,2475.419922,S&P
7/28/2017,2472.100098,S&P
7/31/2017,2470.300049,S&P
8/1/2017,2476.350098,S&P
8/2/2017,2477.570068,S&P
8/3/2017,2472.159912,S&P
8/4/2017,2476.830078,S&P
8/7/2017,2480.909912,S&P
8/8/2017,2474.919922,S&P
8/9/2017,2474.02002,S&P
8/10/2017,2438.209961,S&P
8/11/2017,2441.320068,S&P
8/14/2017,2465.840088,S&P
8/15/2017,2464.610107,S&P
8/16/2017,2468.110107,S&P
8/17/2017,2430.01001,S&P
8/18/2017,2425.550049,S&P
8/21/2017,2428.370117,S&P
8/22/2017,2452.51001,S&P
8/23/2017,2444.040039,S&P
8/24/2017,2438.969971,S&P
8/25/2017,2443.050049,S&P
8/28/2017,2444.23999,S&P
8/29/2017,2446.300049,S&P
8/30/2017,2457.590088,S&P
8/31/2017,2471.649902,S&P
9/1/2017,2476.550049,S&P
9/5/2017,2457.850098,S&P
9/6/2017,2465.540039,S&P
9/7/2017,2465.100098,S&P
9/8/2017,2461.429932,S&P
9/11/2017,2488.110107,S&P
9/12/2017,2496.47998,S&P
9/13/2017,2498.370117,S&P
9/14/2017,2495.620117,S&P
9/15/2017,2500.22998,S&P
9/18/2017,2503.870117,S&P
9/19/2017,2506.649902,S&P
9/20/2017,2508.23999,S&P
9/21/2017,2500.600098,S&P
9/22/2017,2502.219971,S&P
9/25/2017,2496.659912,S&P
9/26/2017,2496.840088,S&P
9/27/2017,2507.040039,S&P
9/28/2017,2510.060059,S&P
9/29/2017,2519.360107,S&P
10/2/2017,2529.120117,S&P
10/3/2017,2534.580078,S&P
10/4/2017,2537.73999,S&P
10/5/2017,2552.070068,S&P
10/6/2017,2549.330078,S&P
10/9/2017,2544.72998,S&P
10/10/2017,2550.639893,S&P
10/11/2017,2555.23999,S&P
10/12/2017,2550.929932,S&P
10/13/2017,2553.169922,S&P
10/16/2017,2557.639893,S&P
10/17/2017,2559.360107,S&P
10/18/2017,2561.26001,S&P
10/19/2017,2562.100098,S&P
10/20/2017,2575.209961,S&P
10/23/2017,2564.97998,S&P
10/24/2017,2569.129883,S&P
10/25/2017,2557.149902,S&P
10/26/2017,2560.399902,S&P
10/27/2017,2581.070068,S&P
10/30/2017,2572.830078,S&P
10/31/2017,2575.26001,S&P
11/1/2017,2579.360107,S&P
11/2/2017,2579.850098,S&P
11/3/2017,2587.840088,S&P
11/6/2017,2591.129883,S&P
11/7/2017,2590.639893,S&P
11/8/2017,2594.379883,S&P
11/9/2017,2584.620117,S&P
11/10/2017,2582.300049,S&P
11/13/2017,2584.840088,S&P
11/14/2017,2578.870117,S&P
11/15/2017,2564.620117,S&P
11/16/2017,2585.639893,S&P
11/17/2017,2578.850098,S&P
11/20/2017,2582.139893,S&P
11/21/2017,2599.030029,S&P
11/22/2017,2597.080078,S&P
11/24/2017,2602.419922,S&P
11/27/2017,2601.419922,S&P
11/28/2017,2627.040039,S&P
11/29/2017,2626.070068,S&P
11/30/2017,2647.580078,S&P
12/1/2017,2642.219971,S&P
12/4/2017,2639.439941,S&P
12/5/2017,2629.570068,S&P
12/6/2017,2629.27002,S&P
12/7/2017,2636.97998,S&P
12/8/2017,2651.5,S&P
12/11/2017,2659.98999,S&P
12/12/2017,2664.110107,S&P
12/13/2017,2662.850098,S&P
12/14/2017,2652.01001,S&P
12/15/2017,2675.810059,S&P
12/18/2017,2690.159912,S&P
12/19/2017,2681.469971,S&P
12/20/2017,2679.25,S&P
12/21/2017,2684.570068,S&P
12/22/2017,2683.340088,S&P
12/26/2017,2680.5,S&P
12/27/2017,2682.620117,S&P
12/28/2017,2687.540039,S&P
12/29/2017,2673.610107,S&P
1/2/2018,2695.810059,S&P
1/3/2018,2713.060059,S&P
1/4/2018,2723.98999,S&P
1/5/2018,2743.149902,S&P
1/8/2018,2747.709961,S&P
1/9/2018,2751.290039,S&P
1/10/2018,2748.22998,S&P
1/11/2018,2767.560059,S&P
1/12/2018,2786.23999,S&P
1/16/2018,2776.419922,S&P
1/17/2018,2802.560059,S&P
1/18/2018,2798.030029,S&P
1/19/2018,2810.300049,S&P
1/22/2018,2832.969971,S&P
1/23/2018,2839.129883,S&P
1/24/2018,2837.540039,S&P
1/25/2018,2839.25,S&P
1/26/2018,2872.870117,S&P
1/29/2018,2853.530029,S&P
1/30/2018,2822.429932,S&P
1/31/2018,2823.810059,S&P
2/1/2018,2821.97998,S&P
2/2/2018,2762.129883,S&P
2/5/2018,2648.939941,S&P
2/6/2018,2695.139893,S&P
2/7/2018,2681.659912,S&P
2/8/2018,2581,S&P
2/9/2018,2619.550049,S&P
2/12/2018,2656,S&P
2/13/2018,2662.939941,S&P
2/14/2018,2698.629883,S&P
2/15/2018,2731.199951,S&P
2/16/2018,2732.219971,S&P
2/20/2018,2716.26001,S&P
2/21/2018,2701.330078,S&P
2/22/2018,2703.959961,S&P
2/23/2018,2747.300049,S&P
2/26/2018,2779.600098,S&P
2/27/2018,2744.280029,S&P
2/28/2018,2713.830078,S&P
3/1/2018,2677.669922,S&P
3/2/2018,2691.25,S&P
3/5/2018,2720.939941,S&P
3/6/2018,2728.120117,S&P
3/7/2018,2726.800049,S&P
3/8/2018,2738.969971,S&P
3/9/2018,2786.570068,S&P
3/12/2018,2783.02002,S&P
3/13/2018,2765.310059,S&P
3/14/2018,2749.47998,S&P
3/15/2018,2747.330078,S&P
3/16/2018,2752.01001,S&P
3/19/2018,2712.919922,S&P
3/20/2018,2716.939941,S&P
3/21/2018,2711.929932,S&P
3/22/2018,2643.689941,S&P
3/23/2018,2588.26001,S&P
3/26/2018,2658.550049,S&P
3/27/2018,2612.620117,S&P
3/28/2018,2605,S&P
3/29/2018,2640.870117,S&P
4/2/2018,2581.879883,S&P
4/3/2018,2614.449951,S&P
4/4/2018,2644.689941,S&P
4/5/2018,2662.840088,S&P
4/6/2018,2604.469971,S&P
4/9/2018,2613.159912,S&P
4/10/2018,2656.870117,S&P
4/11/2018,2642.189941,S&P
4/12/2018,2663.98999,S&P
4/13/2018,2656.300049,S&P
4/16/2018,2677.840088,S&P
4/17/2018,2706.389893,S&P
4/18/2018,2708.639893,S&P
4/19/2018,2693.129883,S&P
4/20/2018,2670.139893,S&P
4/23/2018,2670.290039,S&P
4/24/2018,2634.560059,S&P
4/25/2018,2639.399902,S&P
4/26/2018,2666.939941,S&P
4/27/2018,2669.909912,S&P
4/30/2018,2648.050049,S&P
5/1/2018,2654.800049,S&P
5/2/2018,2635.669922,S&P
5/3/2018,2629.72998,S&P
5/4/2018,2663.419922,S&P
5/7/2018,2672.629883,S&P
5/8/2018,2671.919922,S&P
5/9/2018,2697.790039,S&P
5/10/2018,2723.070068,S&P
5/11/2018,2727.719971,S&P
5/14/2018,2730.129883,S&P
5/15/2018,2711.449951,S&P
5/16/2018,2722.459961,S&P
5/17/2018,2720.129883,S&P
5/18/2018,2712.969971,S&P
5/21/2018,2733.01001,S&P
5/22/2018,2724.439941,S&P
5/23/2018,2733.290039,S&P
5/24/2018,2727.76001,S&P
5/25/2018,2721.330078,S&P
5/29/2018,2689.860107,S&P
5/30/2018,2724.01001,S&P
5/31/2018,2705.27002,S&P
6/1/2018,2734.620117,S&P
6/4/2018,2746.870117,S&P
6/5/2018,2748.800049,S&P
6/6/2018,2772.350098,S&P
6/7/2018,2770.370117,S&P
6/8/2018,2779.030029,S&P
6/11/2018,2782,S&P
6/12/2018,2786.850098,S&P
6/13/2018,2775.629883,S&P
6/14/2018,2782.48999,S&P
6/15/2018,2779.659912,S&P
6/18/2018,2773.75,S&P
6/19/2018,2762.590088,S&P
6/20/2018,2767.320068,S&P
6/21/2018,2749.76001,S&P
6/22/2018,2754.879883,S&P
6/25/2018,2717.070068,S&P
6/26/2018,2723.060059,S&P
6/27/2018,2699.629883,S&P
6/28/2018,2716.310059,S&P
6/29/2018,2718.370117,S&P
7/2/2018,2726.709961,S&P
7/3/2018,2713.219971,S&P
7/5/2018,2736.610107,S&P
7/6/2018,2759.820068,S&P
7/9/2018,2784.169922,S&P
7/10/2018,2793.840088,S&P
7/11/2018,2774.02002,S&P
7/12/2018,2798.290039,S&P
7/13/2018,2801.310059,S&P
7/16/2018,2798.429932,S&P
7/17/2018,2809.550049,S&P
7/18/2018,2815.620117,S&P
7/19/2018,2804.48999,S&P
7/20/2018,2801.830078,S&P
7/23/2018,2806.97998,S&P
7/24/2018,2820.399902,S&P
7/25/2018,2846.070068,S&P
7/26/2018,2837.439941,S&P
7/27/2018,2818.820068,S&P
7/30/2018,2802.600098,S&P
7/31/2018,2816.290039,S&P
8/1/2018,2813.360107,S&P
8/2/2018,2827.219971,S&P
8/3/2018,2840.350098,S&P
8/6/2018,2850.399902,S&P
8/7/2018,2858.449951,S&P
8/8/2018,2857.699951,S&P
8/9/2018,2853.580078,S&P
8/10/2018,2833.280029,S&P
8/13/2018,2821.929932,S&P
8/14/2018,2839.959961,S&P
